/*
SQLyog Ultimate v12.5.0 (64 bit)
MySQL - 5.6.40-log : Database - zhongtai
*********************************************************************
*/

/*!40101 SET NAMES utf8 */;

/*!40101 SET SQL_MODE=''*/;

/*!40014 SET @OLD_UNIQUE_CHECKS=@@UNIQUE_CHECKS, UNIQUE_CHECKS=0 */;
/*!40014 SET @OLD_FOREIGN_KEY_CHECKS=@@FOREIGN_KEY_CHECKS, FOREIGN_KEY_CHECKS=0 */;
/*!40101 SET @OLD_SQL_MODE=@@SQL_MODE, SQL_MODE='NO_AUTO_VALUE_ON_ZERO' */;
/*!40111 SET @OLD_SQL_NOTES=@@SQL_NOTES, SQL_NOTES=0 */;
CREATE DATABASE /*!32312 IF NOT EXISTS*/`zhongtai` /*!40100 DEFAULT CHARACTER SET utf8 */;

USE `zhongtai`;

/*Table structure for table `apply` */

DROP TABLE IF EXISTS `apply`;

CREATE TABLE `apply` (
  `id` int(11) NOT NULL AUTO_INCREMENT,
  `name` varchar(255) NOT NULL,
  `phone` varchar(255) NOT NULL,
  `money` double NOT NULL,
  `referral` varchar(255) DEFAULT NULL,
  `datetime` varchar(255) NOT NULL,
  PRIMARY KEY (`id`),
  UNIQUE KEY `apply_phone` (`phone`)
) ENGINE=MyISAM AUTO_INCREMENT=29 DEFAULT CHARSET=utf8;

/*Data for the table `apply` */

insert  into `apply`(`id`,`name`,`phone`,`money`,`referral`,`datetime`) values 
(3,'李明','15845455554',50000,'B01','2018-01-11 15:19:45'),
(4,'张三','15888888888',40000,NULL,'2018-01-11 15:23:56'),
(23,'王五','13778745645',40000,NULL,'2018-01-15 20:46:32'),
(26,'齐齐','15528168617',1,'B29','2018-01-17 17:34:17'),
(25,'谢玉婷','18380128332',130000,'B29','2018-01-17 11:52:25'),
(16,'李先生','13018281256',60,NULL,'2018-01-13 22:38:58'),
(20,'你好','15756566565',30000,NULL,'2018-01-15 20:20:11'),
(28,'章亮','18140225203',100000,'B54','2018-04-04 10:29:49');

/*Table structure for table `customer` */

DROP TABLE IF EXISTS `customer`;

CREATE TABLE `customer` (
  `id` int(11) NOT NULL AUTO_INCREMENT,
  `phone` char(11) NOT NULL,
  `openid` varchar(255) NOT NULL,
  `referee` varchar(255) DEFAULT NULL,
  PRIMARY KEY (`id`),
  UNIQUE KEY `cus_openid` (`openid`),
  UNIQUE KEY `cus_referee` (`referee`)
) ENGINE=InnoDB AUTO_INCREMENT=78 DEFAULT CHARSET=utf8;

/*Data for the table `customer` */

insert  into `customer`(`id`,`phone`,`openid`,`referee`) values 
(51,'18615724765','o5DClw-IHDVrlYgxZEj8FY3-DTLc','B51'),
(52,'18582460503','o5DClw-3Y41XzvTsyUeBQyXwIcN0','B52'),
(53,'15828333911','o5DClwwNZPqZDbIdR5L8AI2wS-eA','B53'),
(54,'13018281256','o5DClwwIr6nXaGT-NMBPFx3Xoz3I','B54'),
(56,'15882448822','o5DClw6LO_8weUnlgC3vRZi25bMM','B56'),
(57,'15928550130','o5DClw7Bmpbd4f0287P1MkziLyjw','B57'),
(58,'18581511786','o5DClw7kyt358kBHiWDJ75XSwktc','B58'),
(59,'18782990497','o5DClw4_OMaoBxQeQ4qBVDZDOwGc','B59'),
(60,'17708080807','o5DClw0onEgwPY9KKY2ehcLC9sW4','B60'),
(61,'18990923622','o5DClw77cNk87RGuOZsmNGbTTquU','B61'),
(62,'13982222878','o5DClw-4UCoL38Wq5DTSK-kdWnjE','B62'),
(63,'13540774119','o5DClw7MrsSzL5JSWJslpmqUnYE0','B63'),
(64,'15908102115','o5DClw50ypTE1yPSuqKAvQu2-VNQ','B64'),
(65,'13699472188','o5DClwwLIpUL7S3OooxtSAkbh2RU','B65'),
(66,'18116564393','o5DClw37Iqq7nwqqx46h0_QdHSfs','B66'),
(67,'18200326492','o5DClw72jew-YnFEu3JxjVpwlWGY','B67'),
(68,'15697361374','o5DClw81s1I6pNSp_oaw4NDMm8X8','B68'),
(69,'15198213641','o5DClw1Ql-00Fou7JYh9gZ9JfNWQ','B69'),
(70,'18328158515','o5DClw1qXYO9D46LETm1opa8XkbQ','B70'),
(71,'17311375692','o5DClwz09NAY49VXimVoOVafJC0M','B71'),
(72,'15282859303','o5DClw7OIocoZZvjWlxUxqUBKIOI','B72'),
(73,'18681773038','o5DClw2WOer8XfxurqBL-cGZZLeo','B73'),
(74,'13398221932','o5DClw11umJOVpvmrfMbrmjnU2QY','B74'),
(75,'13982232528','o5DClw4T77SOBpJa59rjCSxKfnXw','B75'),
(76,'13458387039','o5DClwzroNV7d3pmEEN7C9uE0fdI','B76'),
(77,'18682608533','o5DClw-BymZFtwpjDEcUywbrRCb4','B77');

/*Table structure for table `department` */

DROP TABLE IF EXISTS `department`;

CREATE TABLE `department` (
  `id` int(11) NOT NULL AUTO_INCREMENT,
  `name` varchar(255) NOT NULL,
  PRIMARY KEY (`id`)
) ENGINE=InnoDB AUTO_INCREMENT=4 DEFAULT CHARSET=utf8;

/*Data for the table `department` */

insert  into `department`(`id`,`name`) values 
(1,'业务一部'),
(2,'业务二部'),
(3,'权证部');

/*Table structure for table `groups` */

DROP TABLE IF EXISTS `groups`;

CREATE TABLE `groups` (
  `id` int(11) NOT NULL AUTO_INCREMENT,
  `name` varchar(255) NOT NULL,
  PRIMARY KEY (`id`)
) ENGINE=InnoDB AUTO_INCREMENT=4 DEFAULT CHARSET=utf8;

/*Data for the table `groups` */

insert  into `groups`(`id`,`name`) values 
(1,'业务一组'),
(2,'业务二组'),
(3,'权证一组');

/*Table structure for table `orgunization` */

DROP TABLE IF EXISTS `orgunization`;

CREATE TABLE `orgunization` (
  `id` int(11) NOT NULL AUTO_INCREMENT,
  `name` varchar(255) NOT NULL,
  `ratio` double NOT NULL,
  PRIMARY KEY (`id`)
) ENGINE=InnoDB AUTO_INCREMENT=78 DEFAULT CHARSET=utf8;

/*Data for the table `orgunization` */

insert  into `orgunization`(`id`,`name`,`ratio`) values 
(1,'平安银行',1.2),
(2,'中银消费',1.5),
(3,'锦城消费',1.5),
(4,'湖北消费',1.5),
(5,'大树金融',0.5),
(7,'抵押贷款',0),
(8,'爱家',1),
(16,'其他',0),
(17,'车抵押贷款',0),
(18,'小赢优贷',0),
(19,'农信社',1),
(20,'哈尔滨',0),
(21,'民生银行',100),
(22,'简阳农信社',100),
(23,'包商银行',100),
(24,'阳光',0),
(25,'人保',0),
(26,'大地',0),
(27,'太平洋',0),
(28,'点融',0),
(29,'海距',0),
(30,'点融',0),
(31,'冠城',0),
(32,'合和年',0),
(33,'和信',0),
(34,'厚本',0),
(35,'华夏信财',0),
(36,'诺远',0),
(37,'通善',0),
(38,'小牛',0),
(39,'雪橙',0),
(40,'亚联财',0),
(41,'银谷',0),
(42,'正合',0),
(43,'恒昌',0),
(44,'新华众合',0),
(45,'读秒',0),
(46,'凡普',0),
(47,'海距',0),
(48,'红上',0),
(49,'信和',0),
(50,'利信',0),
(51,'恒信',0),
(52,'友信',0),
(53,'宜信',0),
(54,'华澳',0),
(55,'中腾信',0),
(56,'金睿龙',0),
(57,'维仕',0),
(58,'宝点',0),
(59,'汇付',0),
(60,'富登',0),
(61,'山水',0),
(62,'紫金',0),
(63,'中安',0),
(64,'招财猫',0),
(65,'东华',0),
(66,'中资联',0),
(67,'新新贷',0),
(68,'信用卡',0),
(69,'夸克',0),
(70,'普罗',0),
(71,'联合畅想',0),
(72,'平安普惠',0),
(73,'开元',0),
(74,'信用卡',0),
(75,'网贷',0),
(76,'房易宝',1.5),
(77,'房易宝',1.5);

/*Table structure for table `permissions` */

DROP TABLE IF EXISTS `permissions`;

CREATE TABLE `permissions` (
  `id` int(11) NOT NULL AUTO_INCREMENT,
  `permissionname` varchar(255) NOT NULL,
  `url` varchar(255) DEFAULT NULL,
  `role_id` int(11) NOT NULL,
  PRIMARY KEY (`id`)
) ENGINE=InnoDB AUTO_INCREMENT=10 DEFAULT CHARSET=utf8;

/*Data for the table `permissions` */

insert  into `permissions`(`id`,`permissionname`,`url`,`role_id`) values 
(1,'个人客户','http://www.frd51.com/shidaiwang/showRecords?state=1',4),
(2,'添加审批','http://www.frd51.com/shidaiwang/add',5),
(3,'申请列表','http://www.frd51.com/shidaiwang/showApplys',5),
(4,'公司客户','http://www.frd51.com/shidaiwang/showRecords?state=4',5),
(5,'小组客户','http://www.frd51.com/shidaiwang/showRecords?state=5',3),
(6,'部门客户','http://www.frd51.com/shidaiwang/showRecords?state=6',2),
(7,'新增进度','http://www.frd51.com/shidaiwang/admin/addPro.jsp',5),
(8,'新增机构','http://www.frd51.com/shidaiwang/admin/addOrg.jsp',5),
(9,'新增员工','http://www.frd51.com/shidaiwang/admin/addUser.jsp',1);

/*Table structure for table `progress` */

DROP TABLE IF EXISTS `progress`;

CREATE TABLE `progress` (
  `id` int(11) NOT NULL AUTO_INCREMENT,
  `message` varchar(255) NOT NULL,
  PRIMARY KEY (`id`)
) ENGINE=InnoDB AUTO_INCREMENT=7 DEFAULT CHARSET=utf8;

/*Data for the table `progress` */

insert  into `progress`(`id`,`message`) values 
(1,'初审中'),
(2,'进件中'),
(3,'审批通过'),
(4,'审批拒绝'),
(5,'放款中'),
(6,'已放款');

/*Table structure for table `record` */

DROP TABLE IF EXISTS `record`;

CREATE TABLE `record` (
  `id` int(11) NOT NULL AUTO_INCREMENT,
  `name` varchar(255) NOT NULL,
  `number` char(18) NOT NULL,
  `phone` char(11) NOT NULL,
  `orgunizeId` int(11) NOT NULL,
  `apply` double DEFAULT NULL,
  `progressId` int(11) NOT NULL,
  `granted` double DEFAULT NULL,
  `commision` double DEFAULT NULL,
  `userId` int(11) NOT NULL,
  `referee` varchar(11) DEFAULT NULL,
  `datetime` varchar(255) NOT NULL,
  PRIMARY KEY (`id`)
) ENGINE=InnoDB AUTO_INCREMENT=201942 DEFAULT CHARSET=utf8;

/*Data for the table `record` */

insert  into `record`(`id`,`name`,`number`,`phone`,`orgunizeId`,`apply`,`progressId`,`granted`,`commision`,`userId`,`referee`,`datetime`) values 
(201803,'张成刚','510102198610025013','18782990497',1,10,1,100000,1200,201831,'18615724765','2018-01-14 13:04:25'),
(201804,'王道勋','510681199111305918','13018281256',1,166000,3,166000,1992,201831,'02','2018-04-02 15:01:32'),
(201805,'谢玉婷','510626199501070503','18380128332',1,130000,1,130000,1560,201831,'李雯洁','2018-01-23 10:59:38'),
(201810,'刘燕','511025199005068266','15928045752',7,920000,2,0,0,201831,'','2018-01-24 08:58:11'),
(201812,'范勰','513031197710010051','13348820038',7,1500000,1,0,0,201831,'','2018-01-24 09:00:21'),
(201815,'李清梅','510622798112244227','15883893960',1,100000,6,60000,720,201831,'1','2018-01-24 09:07:19'),
(201817,'张琴','510123198203130320','18682658816',16,100000,3,100000,1000,201831,'1','2018-01-24 09:09:40'),
(201819,'周燕','511023198306184167','18980948837',7,2500000,3,2000000,0,201831,'1','2018-01-24 09:11:59'),
(201821,'徐伟','36012319850327001X','13551229388',7,1200000,3,1000000,0,201821,'B54','2018-04-04 10:28:33'),
(201822,'崔沛龙','513226198908080439','13550075007',7,3000000,1,0,0,201831,'','2018-01-24 09:16:25'),
(201823,'徐伟','36012319850327001X','13551229388',7,1200000,3,1100000,0,201831,'1','2018-01-24 09:16:37'),
(201824,'白云','510111219940123091','15208427820',7,900000,1,0,0,201831,'2','2018-01-24 09:17:07'),
(201827,'杜凯强','510681198911211114','15828147060',1,150000,4,0,0,201821,'B54','2018-04-04 10:27:04'),
(201829,'左成庆','510122711001077','13540705497',7,300000,1,0,0,201831,'','2018-01-24 09:20:58'),
(201833,'钱运启','413025196510013316','13540834788',17,50000,6,47000,0,201831,'0','2018-01-24 09:22:22'),
(201834,'陈志宇','512927197408137370','15184436236',16,100000,1,0,0,201831,'','2018-01-24 09:25:08'),
(201836,'骆红丹','360123198709040922','13880812292',7,300000,2,0,0,201831,'','2018-01-24 09:26:52'),
(201838,'刘宛玲','511321198712013041','18908218232',16,100000,1,0,0,201831,'','2018-01-24 09:28:27'),
(201840,'康继勇','510102197101026139','18628296177',7,400000,2,0,0,201831,'','2018-01-24 09:31:02'),
(201842,'黄利','510124198510101745','13541037511',17,37000,5,0,0,201831,'','2018-01-24 09:38:14'),
(201850,'冷佩儒','511111111111111111','18615724765',1,20,1,0,0,201831,'B56','2018-01-29 16:37:42'),
(201854,'王杰','无','13828041506',16,264000,6,264000,0,201806,'','2018-03-23 11:07:44'),
(201856,'褚伟','无','13880414808',1,100000,6,100000,1200,201807,'','2018-03-23 11:15:54'),
(201857,'徐伟','无','13551229388',16,1000000,6,1000000,0,201808,'','2018-03-23 11:33:39'),
(201858,'左成庆','510122197110010000','13540705497',16,500000,2,0,0,201807,'','2018-03-23 11:41:31'),
(201859,'白云','无','15208427820',74,800000,1,0,0,201811,'苏昭','2018-04-12 15:28:43'),
(201860,'刘燕','511025199005066000','15928045752',16,500000,2,0,0,201810,'','2018-03-23 11:45:24'),
(201861,'刘德军','512921197501012000','18982030758',16,800000,2,0,0,201810,'','2018-03-23 11:47:02'),
(201862,'杨秀菊','51132119800912222x','13219063456',16,300000,1,106000,0,201810,'','2018-03-23 11:53:36'),
(201863,'付绍菊','513433197008092000','15983429680',16,300000,1,0,0,201813,'','2018-03-23 14:18:28'),
(201864,'将有琼','513902198803016000','15002837303',16,200000,1,0,0,201810,'','2018-03-23 14:22:02'),
(201865,'雷蓉','513822198407166000','13438983417',16,100000,2,0,0,201814,'','2018-03-23 14:24:13'),
(201866,'龚涛','610113197507282000','15308045232',16,800000,4,0,0,201816,'','2018-03-23 14:26:12'),
(201867,'唐斌','513221197002010000','13688403500',16,300000,5,65000,0,201817,'','2018-03-23 14:30:31'),
(201868,'竹菲','510184198108140056','13980810887',74,80000,3,9000,0,201818,'B54','2018-04-12 14:38:25'),
(201869,'张益祥','512222197011156000','13532878198',16,100000,4,0,0,201814,'','2018-03-23 14:35:27'),
(201870,'何睿','510113198708210000','15008202728',74,100000,6,20000,0,201819,'B54','2018-04-12 14:40:06'),
(201871,'杨猛','511321198512055000','13981886527',16,150000,2,0,0,201810,'','2018-03-23 14:40:49'),
(201872,'毛玉英','510103196308100000','18180577853',1,100000,2,0,0,201810,'','2018-03-23 14:42:04'),
(201873,'蒋素菊','511023196010073000','13508040138',36,500000,4,0,0,201819,'B54','2018-04-12 14:41:30'),
(201874,'李建波','511025197402136000','15184303495',74,100000,1,0,0,201819,'B54','2018-04-12 14:39:12'),
(201875,'唐茜','510106197703181000','13880263086',16,100000,1,0,0,201819,'','2018-03-23 14:46:23'),
(201876,'蒋泽生','510121198307122000','13881772850',16,50000,2,0,0,201820,'','2018-03-23 14:51:22'),
(201877,'卢中伟','511024197405016000','13880269466',21,200000,2,0,0,201821,'B54','2018-04-04 10:24:55'),
(201878,'何兴国','511304198101103000','18582156888',7,300000,2,0,0,201810,'','2018-03-23 14:55:41'),
(201879,'杨茹儿','无','15928717891',16,500000,5,283000,0,201807,'','2018-03-23 15:11:52'),
(201880,'陈伟','无','13094482928',16,3000000,2,0,0,201822,'','2018-03-23 15:14:18'),
(201881,'沈浩','513401197602240000','13880052552',16,600000,2,0,0,201822,'','2018-03-23 15:15:28'),
(201882,'陈俊坤','无','13008129221',16,220000,1,0,0,201823,'','2018-03-23 15:17:11'),
(201883,'任近超','无','18080433884',1,200000,4,0,0,201824,'','2018-03-23 15:18:48'),
(201884,'谢华瑞','无','15142908343',74,100000,4,0,0,201825,'苏昭','2018-04-12 14:43:49'),
(201885,'赵忠林','5101051979124351X','18482262784',74,100000,1,5000,0,201820,'苏昭','2018-04-12 14:44:34'),
(201886,'张发元','无','13678109252',1,40000,1,0,0,201827,'','2018-03-23 15:33:50'),
(201887,'王葵','无','13908210671',16,353000,2,0,0,201803,'','2018-03-23 15:35:05'),
(201888,'甘辉','无','13688003445',16,50000,1,0,0,201829,'B54','2018-04-12 15:29:18'),
(201889,'曾俊翔','5138221992080717X','18280063263',73,100000,4,0,0,201819,'苏昭','2018-04-12 14:47:20'),
(201890,'李应飞','513902199102090496','13096355331',43,100000,6,65000,0,201805,'B54','2018-04-12 14:46:27'),
(201891,'袁静华','无','18190888327',1,200000,1,0,0,201806,'','2018-03-29 22:09:30'),
(201892,'黄军','无','15882448822',1,50000,1,0,0,201831,'','2018-03-29 22:14:11'),
(201893,'雷蓉','513822198407166282','13438983417',3,200000,1,0,0,201801,'','2018-04-02 13:44:17'),
(201894,'毛玉英','510103196308100967','18180577853',20,300000,3,0,0,201810,'','2018-04-02 13:56:03'),
(201895,'刘燕','511025199005068266','15928045752',21,500000,2,0,0,201801,'李雯洁','2018-04-02 15:45:55'),
(201896,'刘德军','512921197501012291','18982030758',1,200000,1,0,0,201801,'李雯洁','2018-04-02 15:46:49'),
(201897,'何兴国','511304198101103711','18582156888',16,500000,1,0,0,201801,'李雯洁','2018-04-02 15:48:31'),
(201898,'沈浩','513401197602240814','13880052552',21,600000,5,600000,600000,201801,'李雯洁','2018-04-02 15:49:23'),
(201899,'陈伟','510121197802013478','15852162642',21,1000000,2,0,0,201801,'李雯洁','2018-04-02 15:50:08'),
(201900,'李俊绅','513823199308180039','13008129221',23,200000,2,0,0,201801,'李雯洁','2018-04-02 15:50:51'),
(201901,'王海燕','511321198509066906','13982167660',16,200000,2,0,0,201801,'李雯洁','2018-04-02 15:51:42'),
(201902,'王杰','511025199005068255','13828041506',16,264000,6,264000,0,201801,'李雯洁','2018-04-02 15:52:59'),
(201903,'唐荔华','511024197405016333','13713802006',1,97000,6,97000,1164,201801,'李雯洁','2018-04-02 15:53:54'),
(201904,'王雷','51390119801191815','15928180524',7,100000,2,0,0,201818,'','2018-04-02 17:09:36'),
(201905,'李正彬','510311197411013314','18782016231',2,150000,1,0,0,201825,'','2018-04-02 17:11:09'),
(201906,'薛孝成','510121197901096679','13881977155',22,600000,6,600000,600000,201804,'B54','2018-04-04 16:27:44'),
(201907,'张益祥','512222196806016019','13532878198',33,100000,4,0,0,201801,'B54','2018-04-12 14:36:01'),
(201908,'杨秀菊','51132119800912222x','13219063456',43,200000,6,106000,0,201810,'B54','2018-04-12 14:33:05'),
(201909,'李建波','51102519740213681','15184303495',16,50000,1,0,0,201819,'B54','2018-04-11 09:32:00'),
(201910,'伏轩逸','无','15884579239',75,100000,6,60000,0,201801,'B54','2018-04-12 14:42:02'),
(201911,'王葵','510106197007122517','13908210671',24,100000,4,0,0,201803,'B54','2018-04-12 14:45:17'),
(201912,'张发元','510112197203071857','13678109252',16,40000,1,0,0,201827,'B54','2018-04-11 09:30:42'),
(201913,'袁燕青','51102219800805171','15008493807',27,200000,6,100000,0,201814,'B54','2018-04-12 14:47:51'),
(201914,'冯仁东','50023119920828487X','18782159237',55,200000,6,85000,0,201807,'B54','2018-04-12 14:48:24'),
(201915,'张建国','51112119620209841X','15528232380',74,50000,2,0,0,201824,'B54','2018-04-12 14:48:47'),
(201916,'刘章燕','511028197907155510','13208199563',74,50000,1,0,0,201831,'B54','2018-04-12 14:49:29'),
(201917,'唐金莲','511026196012070025','13398303612',53,100000,4,0,0,201820,'B54','2018-04-12 14:49:52'),
(201918,'宋军成','\'51102219730801995','13540810801',29,100000,4,0,0,201819,'B54','2018-04-12 14:50:34'),
(201919,'邹琼英','\'51012219720317052','18227689749',29,300000,6,202000,0,201810,'B54','2018-04-12 14:51:30'),
(201920,'朱加杰','\'51382219870623023','15982283246',47,100000,5,0,0,201810,'B54','2018-04-12 14:52:22'),
(201921,'严文彬','511026197106281733','13668102517',35,150000,4,0,0,201825,'B54','2018-04-12 14:55:53'),
(201922,'廖乐强','51112919791025081X','13880154096',58,200000,4,0,0,201819,'B54','2018-04-12 14:56:28'),
(201923,'王学君','511127197906204519','13118357570',49,200000,4,0,0,201830,'B54','2018-04-12 14:59:13'),
(201924,'彭万芬','510322197411301286','13618011302',28,100000,4,0,0,201831,'B54','2018-04-12 15:01:16'),
(201925,'王亚熙','51030219760707000','13909008250',28,100000,6,26000,0,201827,'B54','2018-04-12 15:18:41'),
(201926,'  刘学会','511023196608233068','15196833633',43,150000,6,44000,0,201827,'B54','2018-04-12 15:23:21'),
(201927,'田福操','511025198410250016','13408527105',71,100000,1,0,0,201831,'B54','2018-04-12 15:38:48'),
(201928,'何春平','\'51292219741205796','13709036796',24,100000,4,0,0,201831,'B54','2018-04-12 15:39:55'),
(201929,'文钰鑫','无','18228904135',16,100000,1,0,0,201831,'B54','2018-04-11 09:51:00'),
(201930,'尹洪','51032219760511653X','18990039813',69,100000,2,0,0,201810,'B54','2018-04-12 14:36:37'),
(201931,'杜兰平','511321197301013739','13541095063',74,50000,2,0,0,201805,'B54','2018-04-12 15:40:59'),
(201932,'阿留尔日','51343519740816599X','13990472103',24,150000,6,120000,0,201805,'B54','2018-04-12 14:36:17'),
(201933,'邓时海','511023196510181618','13668184393',16,50000,1,0,0,201831,'B54','2018-04-11 09:56:50'),
(201934,'唐克江','\'5109021982081012','15108411209',16,200000,3,0,0,201831,'B54','2018-04-11 10:02:55'),
(201935,'刘杰','510121198509264812','13689098717',16,50000,1,0,0,201831,'','2018-04-11 10:05:44'),
(201936,'陈兴明','\'51010319650407344','15351360968',16,100000,1,0,0,201819,'B54','2018-04-11 10:06:37'),
(201937,'程强','\'51323219631020251','13638313138',53,150000,4,0,0,201819,'B54','2018-04-12 14:33:35'),
(201938,'陈俊','51068119860609181','13882042831',16,200000,1,0,0,201831,'B54','2018-05-04 09:08:10'),
(201939,'蒋建平','51090219790306347X','18980550080',16,300000,1,0,0,201820,'B54','2018-04-11 10:09:28'),
(201940,'江俊锡','513122198811154816','13551838127',2,80000,4,0,0,201810,'B54','2018-04-19 13:02:51'),
(201941,'张仁强','510113197202220052','13438870668',2,400000,2,0,0,201810,'','2018-04-12 17:05:37');

/*Table structure for table `roles` */

DROP TABLE IF EXISTS `roles`;

CREATE TABLE `roles` (
  `id` int(11) NOT NULL AUTO_INCREMENT,
  `rolename` varchar(255) NOT NULL,
  PRIMARY KEY (`id`)
) ENGINE=InnoDB AUTO_INCREMENT=6 DEFAULT CHARSET=utf8;

/*Data for the table `roles` */

insert  into `roles`(`id`,`rolename`) values 
(1,'管理员'),
(2,'经理'),
(3,'组长'),
(4,'员工'),
(5,'权证');

/*Table structure for table `user_role` */

DROP TABLE IF EXISTS `user_role`;

CREATE TABLE `user_role` (
  `user_id` int(11) NOT NULL,
  `role_id` int(11) NOT NULL
) ENGINE=InnoDB DEFAULT CHARSET=utf8;

/*Data for the table `user_role` */

insert  into `user_role`(`user_id`,`role_id`) values 
(201801,5),
(201802,3),
(201802,4),
(201803,2),
(201803,3),
(201803,4),
(201804,4),
(201805,4),
(201806,4),
(201807,4),
(201808,4),
(201810,4),
(201811,2),
(201811,4),
(201812,4),
(201813,4),
(201814,4),
(201815,4),
(201816,4),
(201817,4),
(201818,4),
(201819,4),
(201820,4),
(201821,2),
(201821,4),
(201822,2),
(201822,4),
(201823,4),
(201824,4),
(201825,4),
(201826,4),
(201827,4),
(201829,4),
(201830,4),
(201831,1),
(201831,5),
(201831,4),
(201832,2),
(201832,3),
(201832,4);

/*Table structure for table `users` */

DROP TABLE IF EXISTS `users`;

CREATE TABLE `users` (
  `id` int(11) NOT NULL AUTO_INCREMENT,
  `username` varchar(255) NOT NULL,
  `password` varchar(255) NOT NULL,
  `name` varchar(255) DEFAULT NULL,
  `sex` varchar(255) DEFAULT NULL,
  `phone` varchar(255) DEFAULT NULL,
  `groupId` int(11) DEFAULT NULL,
  `departmentId` int(11) DEFAULT NULL,
  PRIMARY KEY (`id`),
  UNIQUE KEY `F_k_username` (`username`)
) ENGINE=InnoDB AUTO_INCREMENT=201833 DEFAULT CHARSET=utf8;

/*Data for the table `users` */

insert  into `users`(`id`,`username`,`password`,`name`,`sex`,`phone`,`groupId`,`departmentId`) values 
(201801,'quanzhengbu','sdw123456','权证部','女','15888888888',3,3),
(201803,'zhangchenggang','sdw123456','张成刚','男','18782990497',1,1),
(201804,'wangchunping','sdw123456','王春平','男','18708326903',1,1),
(201805,'yuandou','sdw123456','袁豆','男','18784714945',2,2),
(201806,'duzhaobing','sdw123456','杜召兵','男','15228874030',2,2),
(201807,'zhangcongwei','sdw123456','张从维','男','18381027159',1,1),
(201808,'yangqionghua','sdw123456','杨琼花','女','18200326492',1,1),
(201810,'hexiaolan','sdw123456','何小兰','女','18228940862',1,1),
(201811,'lengpeiru','sdw123456','冷佩儒','男','18482188217',1,1),
(201812,'sunjie','sdw123456','孙洁','女','18482488217',2,2),
(201813,'xiechenghong','sdw123456','谢成鸿','男','18280006994',1,1),
(201814,'liujuan','sdw123456','刘娟','女','15882215551',2,2),
(201816,'liwei','sdw123456','李伟','男','15928550130',1,1),
(201817,'zhangxuedong','sdw123456','张学东','男','13541265861',1,1),
(201818,'liumingxin','sdw123456','刘明鑫','男','15198213641',1,1),
(201819,'gongran','sdw123456','龚然','女','18512823554',2,2),
(201820,'hemingkang','sdw123456','何明康','男','13340773063',2,2),
(201821,'miyun','sdw123456','米云','男','13018281256',1,1),
(201822,'chenhongfang','sdw123456','陈红芳','女','15908102115',1,1),
(201823,'zhangxin','sdw123456','张鑫','男','18328158515',1,1),
(201824,'tangli','sdw123456','唐丽','女','18780135552',1,1),
(201825,'caiwen','sdw123456','蔡文','男','13990424731',2,2),
(201826,'zhuxingcheng','sdw123456','朱兴成','男','18111250652',1,1),
(201827,'zhangzhenji','sdw123456','张真济','男','13145213194',2,2),
(201829,'sunxun','sdw123456','孙迅','男','15183678857',1,1),
(201830,'liuwenzhi','sdw123456','刘文智','男','18728453158',2,2),
(201831,'shidaiwang','sdw123456','管理员','男','15888888888',3,3),
(201832,'zhanglingling','sdw123456','张玲玲','女','13982232528',1,1);


